route_num,driver_name,driver_phnum
1,Toni Bender,368633297
2,Arlo Morgan,5603741574
3,Zephaniah Lam,3938420145
4,Charlie Walls,2048694041
5,Loren Croft,3121192686
6,Tayla Southern,9889333988
7,Kim Whitmore,1153571104
8,Stella Diaz,4030012145
9,Chandler Parry,7006687487
10,Anis Hoover,2726190208
11,Montana Hassan,5575238481
12,Makayla Acevedo,920350534
13,Cobie Handley,7721030804
14,Ashanti Mackie,454068783
15,Che Frank,4494015444
16,Jae Kirby,3507376800
17,Michele Dorsey,3315510496
18,Riley O'Doherty,7146756164
19,Wade Blackwell,7291516293
20,Ezra Castillo,8675031367
21,Tegan Raymond,3050133660
22,Elisha Nelson,987715161
,,
,,
,,
,,
,,
,,
,,
,,
,,
,,
,,
,,
,,
,,
,,
,,
,,
,,
,,
,,
,,
,,
