pass_id,pass_name,route_num,stop_id,pass_phnum
AD_747,Rhian Mill,PV01,saketj  ,9828733409
AD_052,Nicky Small,PV01,saketh  ,7685215377
AD_722,Ceri Rocha,PV01,gyan    ,5592443376
AD_098,Lennon Hines,PV01,shivalik,5091171835
AD_582,Kinga Nichols,PV01,malv1   ,3739222435
AD_772,Avery Harrell,PV01,sarv    ,4266025720
AD_727,Mimi Hicks,PV01,swami   ,3392470007
AD_820,Jamie-Lee Walton,PV01,tito    ,4031869943
AD_133,Mischa Akhtar,PV01,sadiq   ,9753511104
AD_670,Belle Cook,PV01,hudco   ,7825157169
AD_926,Maddison Curran,PV01,andrew  ,6015337157
AD_044,Mallory Chang,PV01,andrew  ,4496804496
AD_280,Payton Mccaffrey,PV01,tito    ,9201212262
AD_915,Tanner Melton,PV01,gyan    ,7315241424
AD_805,Rae Wolfe,PV02,dda    ,8672054956
AD_520,Leigh Vickers,PV02,jnu    ,1826427632
AD_257,Laurie Dickinson,PV02,ber    ,4921009237
AD_437,Blythe Robin,PV02,munmark,5678896623
AD_148,Kaylan Merritt,PV02,rkp    ,2448590810
AD_810,Codie Xiong,PV02,iit    ,6666040714
AD_033,Dru Coates,PV02,saf    ,2461771300
AD_018,Asa Ellis,PV02,gp1    ,5584553412
AD_730,Wren Simmons,PV02,kid    ,9463388425
AD_031,Dominique Patton,PV02,jorb   ,8585887569
AD_248,Rudra Fry,PV02,ber    ,7236528706
AD_286,Nikki Werner,PV02,jnu    ,7210362385
AD_357,Jamie Cousins,PV02,iit    ,4654052112
AD_155,Aiden Mcconnell,PV03,cha ,1427699259
AD_123,Hilda Butt,PV03,nmb ,8810705732
AD_628,Aidan Pittman,PV03,ae  ,4451858751
AD_632,Eli Price,PV03,jsm ,4164313895
AD_963,Jaydan William,PV03,saf2,9720506563
AD_980,Henley Padilla,PV03,lbn ,2119064529
AD_360,Franky Bravo,PV03,ina ,9139356203
AD_096,Shayan Wright,PV03,sem ,2002910434
AD_097,Bryce Doyle,PV03,defe,3205032025
AD_472,Fionn Parra,PV03,ina ,3432538125
AD_485,Tierney Hollis,PV03,ina ,1797942104
AD_435,Zoey Holding,PV04,jmi,6908807804
AD_528,Killian Morse,PV04,ehi,7931579385
AD_912,Rowan Elliott,PV04,zb ,9292608211
AD_742,Israel Lee,PV04,nfc,7604543614
AD_275,Keir Milner,PV04,mb ,9109009633
AD_955,Ariya Farrell,PV04,se ,5399777202
AD_859,Kade Palmer,PV04,jmi,7161462229
AD_762,Seren Luna,PV04,ehi,2163634289
AD_553,Harvie Watkins,PV04,zb ,3667325788
AD_106,Keegan Currie,PV04,nfc,1139279441
AD_662,Kaci Reynolds,PV04,zb ,9426357414
AD_016,Dilan Merrill,PV04,zb ,8066028431
AD_978,Dorian Morrison,PV05,sch  ,2396855889
AD_460,Brody Pike,PV05,sksii,5774154802
AD_309,Sasha Rojas,PV05,ski  ,1160607648
AD_917,Amara Cotton,PV05,hk1  ,6069921950
AD_964,Willa Greenaway,PV05,asi  ,4292367583
AD_800,Kayden Cantrell,PV05,gul  ,9962883024
AD_204,Shane Coles,PV05,nee  ,7101119044
AD_478,Anika Mccabe,PV05,ayu  ,9108366315
AD_808,Simran Butler,PV05,shi  ,4007719116
AD_432,Miller Franklin,PV05,sch  ,8518356561
AD_189,Aman Norton,PV05,sksii,4006069948
AD_981,Yassin Carver,PV05,ski  ,6415648710
AD_530,Colby Tucker,PV05,hk1  ,4978489431
AD_972,Mckenzie Broadhurst,PV06,sv  ,6156125065
AD_517,Madison Frost,PV06,ek1 ,4015573193
AD_314,Claire Chandler,PV06,sn  ,1897885551
AD_176,Jessie Hubbard,PV06,ek2 ,4860845345
AD_801,Joy Adam,PV06,ek3 ,5040386769
AD_236,Dani Vasquez,PV06,ac  ,3266090902
AD_136,Kirby Clegg,PV06,dc  ,6629336527
AD_523,Derry Rose,PV06,tccm,6780311147
AD_513,Adrian Dejesus,PV06,ac  ,8847021707
AD_311,Sultan Hatfield,PV06,dc  ,5027507969
AD_893,Arlo Ray,PV06,tccm,6827397369
AD_721,Yu Crane,PV07,kd  ,9714738700
AD_434,Carmel Clay,PV07,na  ,7751349248
AD_386,Jude Lynch,PV07,kc  ,1360232045
AD_615,Gabriel Cortez,PV07,gkc ,5060061840
AD_122,Farah Rogers,PV07,gkr ,3893287009
AD_850,Sheikh Mooney,PV07,gks ,4170229994
AD_761,Roma Bannister,PV07,gkn ,6647824246
AD_419,Malik Reyna,PV07,guru,8590750247
AD_887,Zi Leigh,PV07,bir ,2134967040
AD_000,Lilith Ewing,PV07,bho ,5772889878
AD_544,Stevie Powers,PV07,gks ,8199342298
AD_340,Maxime Berg,PV07,gkn ,6922779999
AD_837,Danica Barrett,PV07,guru,7827708074
AD_079,Lee Herrera,PV07,bir ,5569489427
AD_103,Lucca Busby,PV08,ke   ,1856130284
AD_411,Cruz Hensley,PV08,ga   ,7796297468
AD_444,Cali Ellison,PV08,ya   ,5075144263
AD_102,Joss Rutledge,PV08,nia  ,7743710822
AD_903,Harpreet Mcculloch,PV08,naa  ,5442900866
AD_659,Macey Acevedo,PV08,gkiia,3341106125
AD_600,Ayman Cordova,PV08,gkiib,8560643616
AD_083,Kyan Kavanagh,PV08,pvh  ,9082967478
AD_920,Finnlay Weaver,PV08,naa  ,6205198983
AD_602,Miley Greig,PV08,gkiia,8466750965
AD_093,Luna Alfaro,PV08,gkiib,1958943307
AD_456,Amari Robles,PV08,pvh  ,2190250869
AD_735,Fallon Pace,PV09,kalka  ,5011199134
AD_616,Daryl Bryan,PV09,manda  ,7411995847
AD_030,Camden Drake,PV09,shivap ,4300194370
AD_700,Derren Sharma,PV09,crmark2,2883154623
AD_284,Makayla Cotton,PV09,mela   ,7507664082
AD_388,Shiloh Byers,PV09,crmark1,7881676510
AD_077,Diya Daugherty,PV09,crk    ,9207916368
AD_806,Brandy Villegas,PV09,cra    ,5279703709
AD_992,Ceri Pineda,PV09,defence,8560585085
AD_889,Sion Bean,PV09,mela   ,6039887812
AD_327,Hania Donnelly,PV10,vv   ,5942996138
AD_135,Ariya Denton,PV10,vk   ,6195814884
AD_584,Brodie Hardin,PV10,am   ,5396533728
AD_724,August Fitzpatrick,PV10,qm   ,7899217771
AD_178,Neriah Nolan,PV10,mmtc ,3336843857
AD_293,Rohan Deleon,PV10,aiims,5498637556
AD_317,Mirza Peacock,PV10,vv   ,1122930980
AD_559,Lorena Mccormick,PV10,vk   ,3718904815
AD_819,Sasha O'Neill,PV10,vv   ,1242276295
AD_853,Jaskaran Richard,PV10,vk   ,5041303732
AD_505,Bo Bowen,PV11,sarita,8056056472
AD_022,Tanner Currie,PV11,jasola,7234365548
AD_828,Daniele Mohammed,PV11,ashram,6385250971
AD_900,Nicky Padilla,PV11,niz   ,8114210435
AD_836,Mylie Davison,PV11,sarita,8031802422
AD_446,Taran Conner,PV11,jasola,7520552849
AD_783,Kendall Prentice,PV11,ashram,6929990695
AD_605,Reagan Tyler,PV11,niz   ,2507429657
AD_283,Ashley Hensley,PV12,maya ,5148403262
AD_473,Karam Haines,PV12,mans ,3531733682
AD_063,River Wynn,PV12,kirti,2402506970
AD_442,Jerry Mcdermott,PV12,shad ,6255959776
AD_480,Shelby Dunne,PV12,patel,4501522335
AD_796,Anand Marsh,PV12,raje ,8809239355
AD_570,Niyah Mercado,PV12,karol,4485349630
AD_647,Christie Coombes,PV12,rail,7412108063
AD_648,Katrina Klein,PV12,raje ,7308512436
AD_590,Nikita Glass,PV13,ashok ,3026522049
AD_794,Erica Sheehan,PV13,deraw ,5245862130
AD_677,Emerson Busby,PV13,gujra ,7674736212
AD_359,Sara Bolton,PV13,prat  ,9038437145
AD_996,Shannon Blankenship,PV13,shakti,4396109922
AD_370,Jay Rubio,PV13,kamlan,3572733047
AD_830,Kim Ventura,PV13,ramjas,1273867828
AD_971,Eman Sawyer,PV13,jawa  ,4361449355
AD_987,Anwar Magana,PV13,malka ,3405810291
AD_227,Coby Goodman,PV13,jawa  ,2313613327
AD_877,Brady Bull,PV13,malka ,2514692353
AD_167,Dane Edge,PV14,azadpur,9863398307
AD_298,Yassin Wagstaff,PV14,mt3    ,2966501489
AD_367,Jaiden Ford,PV14,mt2    ,1755441981
AD_832,Tye Whitehouse,PV14,tagore ,8185732795
AD_491,Taylor Frye,PV14,parm   ,4165987974
AD_566,Kaci Mcknight,PV14,rev    ,9711611887
AD_316,Che Jones,PV14,drin   ,5366766992
AD_786,Haley Bowman,PV14,bana   ,3116859984
AD_999,Armaan Ali,PV14,khy    ,4869435783
AD_838,Alexis Knight,PV14,rajni  ,7218692241
AD_318,Simone Hanson,PV14,ludlo  ,8156523756
AD_116,Ollie Pittman,PV14,civill ,2195434493
AD_495,Shelley Fletcher,PV14,indra  ,6992319107
AD_546,Shanay Evans,PV14,kaka   ,3349804514
AD_561,Cobie Simmons,PV14,ambed  ,1526072680
AD_342,Abby Mcghee,PV15,rohini,5196064136
AD_352,Rosemarie Cleveland,PV15,uniq  ,6142493709
AD_614,Kit Oneil,PV15,gujrat,7607313871
AD_947,Ray Carney,PV15,bank  ,8380110833
AD_128,Kelsey Dale,PV15,kohat ,9432111051
AD_313,Aria Cabrera,PV15,panj  ,6129595881
AD_718,Arwen Hilton,PV15,cinema,5518601299
AD_535,Lennie Lindsey,PV15,rohtak,5440660898
AD_706,Lesley Tanner,PV15,video,4849755676
AD_159,Vivian Newman,PV15,gole,1164998563
AD_230,Gurdeep Howe,PV16,chowk ,7143399976
AD_297,Miller Monroe,PV16,baroda,5542949939
AD_953,Tamar Burns,PV16,rssp   ,7958900444
AD_831,Simran Petty,PV16,ms     ,5776536569
AD_233,Kiki Lang,PV16,pa     ,8501690299
AD_326,Virginia Conley,PV16,ashir  ,8722579723
AD_861,Mischa Whittington,PV16,mithila,4041053659
AD_396,Rima Montes,PV16,prince ,3231850857
AD_897,Harmony Richmond,PV16,him    ,3865612833
AD_268,Ayat Beck,PV16,agra   ,3265104142
AD_058,Harri Kaiser,PV16,savfasc,9779603700
AD_780,Nour Madden,PV17,ajanta ,8088863352
AD_261,Kira Short,PV17,kunj   ,6713912960
AD_936,Macey Singh,PV17,gtb     ,4272780048
AD_192,Billy Estrada,PV17,lick    ,8773693087
AD_228,Bobby Rojas,PV17,surya   ,8013401180
AD_852,Amrit Tillman,PV17,yojana  ,9130272384
AD_338,Kobie Metcalfe,PV17,sreshtha,5388761384
AD_626,Sky Haynes,PV17,avc     ,3188834636
AD_043,Alexie Rosa,PV17,je      ,3111497767
AD_997,Morgan Shepard,PV17,kkd     ,7985951989
AD_880,Kirby Irwin,PV17,pvhd    ,4565910742
AD_638,Jan Compton,PV18,nv      ,4979135387
AD_319,Casey Forster,PV18,lax     ,6235040437
AD_599,Eren Michael,PV18,crpf  ,4995215722
AD_158,Nora Gilmour,PV18,stand ,7395565435
AD_190,Robin Crosby,PV18,vasun ,3748465085
AD_504,Imaan Snider,PV18,dh    ,2800431485
AD_516,Nicola Whitmore,PV18,sama  ,2501178370
AD_973,Falak Villalobos,PV18,aa    ,6271465629
AD_482,Jamie Barrett,PV18,mvipi ,9709563264
AD_588,Ashleigh Duke,PV18,sup   ,4085212041
AD_703,Louie Smyth,PV18,pol   ,2411291226
AD_168,Amal Galvan,PV19,manfas,1046380458
AD_709,Kay Weston,PV19,mvipiv,5928286914
AD_142,Anam Peel,PV19,gip,4418500098
AD_399,Rhian Odling,PV19,sfn,9744906397
AD_108,Leslie Mcdowell,PV19,stt,8047808796
AD_051,Kyan Spencer,PV19,rvn,3195596498
AD_218,Cali Kerr,PV19,jvv,8122808660
AD_113,Kiya Dickerson,PV19,mmh,9265334585
AD_688,Erica Summers,PV19,nbv,3906797330
AD_549,Jaeden Bender,PV19,sfn,1705107939
AD_946,Taryn Wynn,PV20,dnb,9187080893
AD_023,Joni Wong,PV20,cgv,8373775139
AD_467,Haiden Webb,PV20,guj   ,6840343542
AD_617,Bodhi Garrison,PV20,swasth,3806107095
AD_324,Sheridan Mckenna,PV20,walia ,5172608669
AD_994,Lindsey Bassett,PV20,guj   ,5742827606
AD_003,Faith Finley,PV20,swasth,6493870271
AD_876,Kye Hoover,PV20,walia ,9953239145
AD_048,Frances Coulson,PV20,guj   ,2445940994
AD_070,Piper Roberson,PV21,chan ,9638859962
AD_118,Rogan Paterson,PV21,darya,2427900724
AD_562,Tanvir Hagan,PV21,nanak,5842487718
AD_766,Ayat Blanchard,PV21,azad ,3475905509
AD_784,Dilan Lowry,PV21,irwin,4996203820
AD_902,Brogan Hopper,PV21,mandi,3001265730
AD_522,Derry Cuevas,PV21,pand ,1344693702
AD_954,Keanu Gibson,PV21,mandi,1757351772
AD_260,Logan Strickland,PV21,pand ,8382324321
AD_815,Tai Wheatley,PV22,edm   ,7785534260
AD_019,Wade Mohamed,PV22,vidhi ,7248430397
AD_245,Armaan Mccartney,PV22,silver,7712662827
AD_759,Brody Davila,PV22,jai   ,4288384736
AD_282,Max Zuniga,PV22,ddam  ,2341792931
AD_265,Elena Sweet,PV22,para  ,4830303684
AD_004,Jaime Deleon,PV22,tech  ,1215878197
AD_533,Gurpreet Anderson,PV22,press ,8386002957
AD_537,Jocelyn Busby,PV22,ekta  ,3132637947
AD_182,Lennie Buck,PV22,ankur ,1542616653
AD_251,Lyle James,PV22,mdp   ,5585127454
,,,,
,,,,
