AD_747,Rhian Mill,1,saketj,9828733409
AD_052,Nicky Small,1,saketh,7685215377
AD_722,Ceri Rocha,1,gyan,5592443376
AD_098,Lennon Hines,1,shivalik,5091171835
AD_582,Kinga Nichols,1,malv1,3739222435
AD_772,Avery Harrell,1,sarv,4266025720
AD_727,Mimi Hicks,1,swami,3392470007
AD_820,Jamie-Lee Walton,1,tito,4031869943
AD_133,Mischa Akhtar,1,sadiq,9753511104
AD_670,Belle Cook,1,hudco,7825157169
AD_926,Maddison Curran,1,andrew,6015337157
AD_044,Mallory Chang,1,andrew,4496804496
AD_280,Payton Mccaffrey,1,tito,9201212262
AD_915,Tanner Melton,1,gyan,7315241424
AD_805,Rae Wolfe,2,dda,8672054956
AD_520,Leigh Vickers,2,jnu,1826427632
AD_257,Laurie Dickinson,2,ber,4921009237
AD_437,Blythe Robin,2,munmark,5678896623
AD_148,Kaylan Merritt,2,rkp,2448590810
AD_810,Codie Xiong,2,iit,6666040714
AD_033,Dru Coates,2,saf,2461771300
AD_018,Asa Ellis,2,gp1,5584553412
AD_730,Wren Simmons,2,kid,9463388425
AD_031,Dominique Patton,2,jorb,8585887569
AD_248,Rudra Fry,2,ber,7236528706
AD_286,Nikki Werner,2,jnu,7210362385
AD_357,Jamie Cousins,2,iit,4654052112
AD_155,Aiden Mcconnell,3,cha,1427699259
AD_123,Hilda Butt,3,nmb,8810705732
AD_628,Aidan Pittman,3,ae,4451858751
AD_632,Eli Price,3,jsm,4164313895
AD_963,Jaydan William,3,saf2,9720506563
AD_980,Henley Padilla,3,lbn,2119064529
AD_360,Franky Bravo,3,ina,9139356203
AD_096,Shayan Wright,3,sem,2002910434
AD_097,Bryce Doyle,3,defe,3205032025
AD_472,Fionn Parra,3,ina,3432538125
AD_485,Tierney Hollis,3,ina,1797942104
AD_435,Zoey Holding,4,jmi,6908807804
AD_528,Killian Morse,4,ehi,7931579385
AD_912,Rowan Elliott,4,zb,9292608211
AD_742,Israel Lee,4,nfc,7604543614
AD_275,Keir Milner,4,mb,9109009633
AD_955,Ariya Farrell,4,se,5399777202
AD_859,Kade Palmer,4,jmi,7161462229
AD_762,Seren Luna,4,ehi,2163634289
AD_553,Harvie Watkins,4,zb,3667325788
AD_106,Keegan Currie,4,nfc,1139279441
AD_662,Kaci Reynolds,4,zb,9426357414
AD_016,Dilan Merrill,4,zb,8066028431
AD_978,Dorian Morrison,5,sch,2396855889
AD_460,Brody Pike,5,sksii,5774154802
AD_309,Sasha Rojas,5,ski,1160607648
AD_917,Amara Cotton,5,hk1,6069921950
AD_964,Willa Greenaway,5,asi,4292367583
AD_800,Kayden Cantrell,5,gul,9962883024
AD_204,Shane Coles,5,nee,7101119044
AD_478,Anika Mccabe,5,ayu,9108366315
AD_808,Simran Butler,5,shi,4007719116
AD_432,Miller Franklin,5,sch,8518356561
AD_189,Aman Norton,5,sksii,4006069948
AD_981,Yassin Carver,5,ski,6415648710
AD_530,Colby Tucker,5,hk1,4978489431
AD_972,Mckenzie Broadhurst,6,sv,6156125065
AD_517,Madison Frost,6,ek1,4015573193
AD_314,Claire Chandler,6,sn,1897885551
AD_176,Jessie Hubbard,6,ek2,4860845345
AD_801,Joy Adam,6,ek3,5040386769
AD_236,Dani Vasquez,6,ac,3266090902
AD_136,Kirby Clegg,6,dc,6629336527
AD_523,Derry Rose,6,tccm,6780311147
AD_513,Adrian Dejesus,6,ac,8847021707
AD_311,Sultan Hatfield,6,dc,5027507969
AD_893,Arlo Ray,6,tccm,6827397369
AD_721,Yu Crane,7,kd,9714738700
AD_434,Carmel Clay,7,na,7751349248
AD_386,Jude Lynch,7,kc,1360232045
AD_615,Gabriel Cortez,7,gkc,5060061840
AD_122,Farah Rogers,7,gkr,3893287009
AD_850,Sheikh Mooney,7,gks,4170229994
AD_761,Roma Bannister,7,gkn,6647824246
AD_419,Malik Reyna,7,guru,8590750247
AD_887,Zi Leigh,7,bir,2134967040
AD_000,Lilith Ewing,7,bho,5772889878
AD_544,Stevie Powers,7,gks,8199342298
AD_340,Maxime Berg,7,gkn,6922779999
AD_837,Danica Barrett,7,guru,7827708074
AD_079,Lee Herrera,7,bir,5569489427
AD_103,Lucca Busby,8,ke,1856130284
AD_411,Cruz Hensley,8,ga,7796297468
AD_444,Cali Ellison,8,ya,5075144263
AD_102,Joss Rutledge,8,nia,7743710822
AD_903,Harpreet Mcculloch,8,naa,5442900866
AD_659,Macey Acevedo,8,gkiia,3341106125
AD_600,Ayman Cordova,8,gkiib,8560643616
AD_083,Kyan Kavanagh,8,pvh,9082967478
AD_920,Finnlay Weaver,8,naa,6205198983
AD_602,Miley Greig,8,gkiia,8466750965
AD_093,Luna Alfaro,8,gkiib,1958943307
AD_456,Amari Robles,8,pvh,2190250869
AD_735,Fallon Pace,9,kalka,5011199134
AD_616,Daryl Bryan,9,manda,7411995847
AD_030,Camden Drake,9,shivap,4300194370
AD_700,Derren Sharma,9,crmark2,2883154623
AD_284,Makayla Cotton,9,mela,7507664082
AD_388,Shiloh Byers,9,crmark1,7881676510
AD_077,Diya Daugherty,9,crk,9207916368
AD_806,Brandy Villegas,9,cra,5279703709
AD_992,Ceri Pineda,9,defence,8560585085
AD_889,Sion Bean,9,mela,6039887812
AD_327,Hania Donnelly,10,vv,5942996138
AD_135,Ariya Denton,10,vk,6195814884
AD_584,Brodie Hardin,10,am,5396533728
AD_724,August Fitzpatrick,10,qm,7899217771
AD_178,Neriah Nolan,10,mmtc,3336843857
AD_293,Rohan Deleon,10,aiims,5498637556
AD_317,Mirza Peacock,10,vv,1122930980
AD_559,Lorena Mccormick,10,vk,3718904815
AD_819,Sasha Neill,10,vv,1242276295
AD_853,Jaskaran Richard,10,vk,5041303732
AD_505,Bo Bowen,11,sarita,8056056472
AD_022,Tanner Currie,11,jasola,7234365548
AD_828,Daniele Mohammed,11,ashram,6385250971
AD_900,Nicky Padilla,11,niz,8114210435
AD_836,Mylie Davison,11,sarita,8031802422
AD_446,Taran Conner,11,jasola,7520552849
AD_783,Kendall Prentice,11,ashram,6929990695
AD_605,Reagan Tyler,11,niz,2507429657
AD_283,Ashley Hensley,12,maya,5148403262
AD_473,Karam Haines,12,mans,3531733682
AD_063,River Wynn,12,kirti,2402506970
AD_442,Jerry Mcdermott,12,shad,6255959776
AD_480,Shelby Dunne,12,patel,4501522335
AD_796,Anand Marsh,12,raje,8809239355
AD_570,Niyah Mercado,12,karol,4485349630
AD_647,Christie Coombes,12,rail,7412108063
AD_648,Katrina Klein,12,raje,7308512436
AD_590,Nikita Glass,13,ashok,3026522049
AD_794,Erica Sheehan,13,deraw,5245862130
AD_677,Emerson Busby,13,gujra,7674736212
AD_359,Sara Bolton,13,prat,9038437145
AD_996,Shannon Blankenship,13,shakti,4396109922
AD_370,Jay Rubio,13,kamlan,3572733047
AD_830,Kim Ventura,13,ramjas,1273867828
AD_971,Eman Sawyer,13,jawa,4361449355
AD_987,Anwar Magana,13,malka,3405810291
AD_227,Coby Goodman,13,jawa,2313613327
AD_877,Brady Bull,13,malka,2514692353
AD_167,Dane Edge,14,azadpur,9863398307
AD_298,Yassin Wagstaff,14,mt3,2966501489
AD_367,Jaiden Ford,14,mt2,1755441981
AD_832,Tye Whitehouse,14,tagore,8185732795
AD_491,Taylor Frye,14,parm,4165987974
AD_566,Kaci Mcknight,14,rev,9711611887
AD_316,Che Jones,14,drin,5366766992
AD_786,Haley Bowman,14,bana,3116859984
AD_999,Armaan Ali,14,khy,4869435783
AD_838,Alexis Knight,14,rajni,7218692241
AD_318,Simone Hanson,14,ludlo,8156523756
AD_116,Ollie Pittman,14,civill,2195434493
AD_495,Shelley Fletcher,14,indra,6992319107
AD_546,Shanay Evans,14,kaka,3349804514
AD_561,Cobie Simmons,14,ambed,1526072680
AD_342,Abby Mcghee,15,rohini,5196064136
AD_352,Rosemarie Cleveland,15,uniq,6142493709
AD_614,Kit Oneil,15,gujrat,7607313871
AD_947,Ray Carney,15,bank,8380110833
AD_128,Kelsey Dale,15,kohat,9432111051
AD_313,Aria Cabrera,15,panj,6129595881
AD_718,Arwen Hilton,15,cinema,5518601299
AD_535,Lennie Lindsey,15,rohtak,5440660898
AD_706,Lesley Tanner,15,video,4849755676
AD_159,Vivian Newman,15,gole,1164998563
AD_230,Gurdeep Howe,16,chowk,7143399976
AD_297,Miller Monroe,16,baroda,5542949939
AD_953,Tamar Burns,16,rssp,7958900444
AD_831,Simran Petty,16,ms,5776536569
AD_233,Kiki Lang,16,pa,8501690299
AD_326,Virginia Conley,16,ashir,8722579723
AD_861,Mischa Whittington,16,mithila,4041053659
AD_396,Rima Montes,16,prince,3231850857
AD_897,Harmony Richmond,16,him,3865612833
AD_268,Ayat Beck,16,agra,3265104142
AD_058,Harri Kaiser,16,savfasc,9779603700
AD_780,Nour Madden,17,ajanta,8088863352
AD_261,Kira Short,17,kunj,6713912960
AD_936,Macey Singh,17,gtb,4272780048
AD_192,Billy Estrada,17,lick,8773693087
AD_228,Bobby Rojas,17,surya,8013401180
AD_852,Amrit Tillman,17,yojana,9130272384
AD_338,Kobie Metcalfe,17,sreshtha,5388761384
AD_626,Sky Haynes,17,avc,3188834636
AD_043,Alexie Rosa,17,je,3111497767
AD_997,Morgan Shepard,17,kkd,7985951989
AD_880,Kirby Irwin,17,pvhd,4565910742
AD_638,Jan Compton,18,nv,4979135387
AD_319,Casey Forster,18,lax,6235040437
AD_599,Eren Michael,18,crpf,4995215722
AD_158,Nora Gilmour,18,stand,7395565435
AD_190,Robin Crosby,18,vasun,3748465085
AD_504,Imaan Snider,18,dh,2800431485
AD_516,Nicola Whitmore,18,sama,2501178370
AD_973,Falak Villalobos,18,aa,6271465629
AD_482,Jamie Barrett,18,mvipi,9709563264
AD_588,Ashleigh Duke,18,sup,4085212041
AD_703,Louie Smyth,18,pol,2411291226
AD_168,Amal Galvan,19,manfas,1046380458
AD_709,Kay Weston,19,mvipiv,5928286914
AD_142,Anam Peel,19,gip,4418500098
AD_399,Rhian Odling,19,sfn,9744906397
AD_108,Leslie Mcdowell,19,stt,8047808796
AD_051,Kyan Spencer,19,rvn,3195596498
AD_218,Cali Kerr,19,jvv,8122808660
AD_113,Kiya Dickerson,19,mmh,9265334585
AD_688,Erica Summers,19,nbv,3906797330
AD_549,Jaeden Bender,19,sfn,1705107939
AD_946,Taryn Wynn,20,dnb,9187080893
AD_023,Joni Wong,20,cgv,8373775139
AD_467,Haiden Webb,20,guj,6840343542
AD_617,Bodhi Garrison,20,swasth,3806107095
AD_324,Sheridan Mckenna,20,walia,5172608669
AD_994,Lindsey Bassett,20,guj,5742827606
AD_003,Faith Finley,20,swasth,6493870271
AD_876,Kye Hoover,20,walia,9953239145
AD_048,Frances Coulson,20,guj,2445940994
AD_070,Piper Roberson,21,chan,9638859962
AD_118,Rogan Paterson,21,darya,2427900724
AD_562,Tanvir Hagan,21,nanak,5842487718
AD_766,Ayat Blanchard,21,azad,3475905509
AD_784,Dilan Lowry,21,irwin,4996203820
AD_902,Brogan Hopper,21,mandi,3001265730
AD_522,Derry Cuevas,21,pand,1344693702
AD_954,Keanu Gibson,21,mandi,1757351772
AD_260,Logan Strickland,21,pand,8382324321
AD_815,Tai Wheatley,22,edm,7785534260
AD_019,Wade Mohamed,22,vidhi,7248430397
AD_245,Armaan Mccartney,22,silver,7712662827
AD_759,Brody Davila,22,jai,4288384736
AD_282,Max Zuniga,22,ddam,2341792931
AD_265,Elena Sweet,22,para,4830303684
AD_004,Jaime Deleon,22,tech,1215878197
AD_533,Gurpreet Anderson,22,press,8386002957
AD_537,Jocelyn Busby,22,ekta,3132637947
AD_182,Lennie Buck,22,ankur,1542616653
AD_251,Lyle James,22,mdp,5585127454
AD_420,James May,19,s44n,9978999789
